{
"page":9,
"pagesize":[6,6,6,6,6,6,6,6,6],
"basename":"page",
"pages":[
{ "width":554 , "height":594, "photos": [ 
{"x":21, "y":6, "width":250, "height":187},
{"x":283, "y":6, "width":250, "height":187},
{"x":21, "y":205, "width":250, "height":187},
{"x":283, "y":205, "width":250, "height":187},
{"x":21, "y":404, "width":250, "height":187},
{"x":283, "y":404, "width":250, "height":187}
] },
{ "width":554 , "height":594, "photos": [ 
{"x":21, "y":6, "width":250, "height":187},
{"x":283, "y":6, "width":250, "height":187},
{"x":21, "y":205, "width":250, "height":187},
{"x":283, "y":205, "width":250, "height":187},
{"x":21, "y":404, "width":250, "height":187},
{"x":283, "y":404, "width":250, "height":187}
] },
{ "width":554 , "height":594, "photos": [ 
{"x":21, "y":6, "width":250, "height":187},
{"x":283, "y":6, "width":250, "height":187},
{"x":21, "y":205, "width":250, "height":187},
{"x":283, "y":205, "width":250, "height":187},
{"x":21, "y":404, "width":250, "height":187},
{"x":283, "y":404, "width":250, "height":187}
] },
{ "width":554 , "height":594, "photos": [ 
{"x":21, "y":6, "width":250, "height":187},
{"x":283, "y":6, "width":250, "height":187},
{"x":21, "y":205, "width":250, "height":187},
{"x":283, "y":205, "width":250, "height":187},
{"x":21, "y":404, "width":250, "height":187},
{"x":283, "y":404, "width":250, "height":187}
] },
{ "width":554 , "height":594, "photos": [ 
{"x":21, "y":6, "width":250, "height":187},
{"x":283, "y":6, "width":250, "height":187},
{"x":21, "y":205, "width":250, "height":187},
{"x":283, "y":205, "width":250, "height":187},
{"x":21, "y":404, "width":250, "height":187},
{"x":283, "y":404, "width":250, "height":187}
] },
{ "width":554 , "height":594, "photos": [ 
{"x":21, "y":6, "width":250, "height":187},
{"x":283, "y":6, "width":250, "height":187},
{"x":21, "y":205, "width":250, "height":187},
{"x":283, "y":205, "width":250, "height":187},
{"x":21, "y":404, "width":250, "height":187},
{"x":283, "y":404, "width":250, "height":187}
] },
{ "width":554 , "height":594, "photos": [ 
{"x":21, "y":6, "width":250, "height":187},
{"x":283, "y":6, "width":250, "height":187},
{"x":21, "y":205, "width":250, "height":187},
{"x":283, "y":205, "width":250, "height":187},
{"x":21, "y":404, "width":250, "height":187},
{"x":283, "y":404, "width":250, "height":187}
] },
{ "width":554 , "height":594, "photos": [ 
{"x":21, "y":6, "width":250, "height":187},
{"x":283, "y":6, "width":250, "height":187},
{"x":21, "y":205, "width":250, "height":187},
{"x":283, "y":205, "width":250, "height":187},
{"x":21, "y":404, "width":250, "height":187},
{"x":283, "y":404, "width":250, "height":187}
] },
{ "width":554 , "height":594, "photos": [ 
{"x":21, "y":6, "width":250, "height":187},
{"x":283, "y":6, "width":250, "height":187},
{"x":21, "y":205, "width":250, "height":187},
{"x":283, "y":205, "width":250, "height":187},
{"x":21, "y":404, "width":250, "height":187},
{"x":283, "y":404, "width":250, "height":187}
] }
]
}
